{
    "name": "root",
    "gauges": {
        "SoccerTwos.Policy.Entropy.mean": {
            "value": 3.202068567276001,
            "min": 3.1826066970825195,
            "max": 3.2957515716552734,
            "count": 70
        },
        "SoccerTwos.Policy.Entropy.sum": {
            "value": 58405.73046875,
            "min": 20048.171875,
            "max": 112827.4375,
            "count": 70
        },
        "SoccerTwos.Environment.EpisodeLength.mean": {
            "value": 999.0,
            "min": 428.4,
            "max": 999.0,
            "count": 70
        },
        "SoccerTwos.Environment.EpisodeLength.sum": {
            "value": 19980.0,
            "min": 16748.0,
            "max": 23120.0,
            "count": 70
        },
        "SoccerTwos.Self-play.ELO.mean": {
            "value": 1191.0164814732832,
            "min": 1190.377138092642,
            "max": 1200.9928540150988,
            "count": 61
        },
        "SoccerTwos.Self-play.ELO.sum": {
            "value": 11910.164814732832,
            "min": 2381.2404295061433,
            "max": 14405.22410701705,
            "count": 61
        },
        "SoccerTwos.Step.mean": {
            "value": 699774.0,
            "min": 9532.0,
            "max": 699774.0,
            "count": 70
        },
        "SoccerTwos.Step.sum": {
            "value": 699774.0,
            "min": 9532.0,
            "max": 699774.0,
            "count": 70
        },
        "SoccerTwos.Policy.ExtrinsicBaselineEstimate.mean": {
            "value": -0.033237919211387634,
            "min": -0.0350114181637764,
            "max": 0.019629504531621933,
            "count": 70
        },
        "SoccerTwos.Policy.ExtrinsicBaselineEstimate.sum": {
            "value": -0.33237919211387634,
            "min": -0.461069256067276,
            "max": 0.2901180386543274,
            "count": 70
        },
        "SoccerTwos.Policy.ExtrinsicValueEstimate.mean": {
            "value": -0.03298317641019821,
            "min": -0.03352046012878418,
            "max": 0.02396523393690586,
            "count": 70
        },
        "SoccerTwos.Policy.ExtrinsicValueEstimate.sum": {
            "value": -0.3298317790031433,
            "min": -0.44677087664604187,
            "max": 0.3411303758621216,
            "count": 70
        },
        "SoccerTwos.Environment.CumulativeReward.mean": {
            "value": 0.0,
            "min": 0.0,
            "max": 0.0,
            "count": 70
        },
        "SoccerTwos.Environment.CumulativeReward.sum": {
            "value": 0.0,
            "min": 0.0,
            "max": 0.0,
            "count": 70
        },
        "SoccerTwos.Policy.ExtrinsicReward.mean": {
            "value": 0.0,
            "min": -0.47634666760762534,
            "max": 0.26162856817245483,
            "count": 70
        },
        "SoccerTwos.Policy.ExtrinsicReward.sum": {
            "value": 0.0,
            "min": -7.14520001411438,
            "max": 3.6627999544143677,
            "count": 70
        },
        "SoccerTwos.Environment.GroupCumulativeReward.mean": {
            "value": 0.0,
            "min": -0.47634666760762534,
            "max": 0.26162856817245483,
            "count": 70
        },
        "SoccerTwos.Environment.GroupCumulativeReward.sum": {
            "value": 0.0,
            "min": -7.14520001411438,
            "max": 3.6627999544143677,
            "count": 70
        },
        "SoccerTwos.IsTraining.mean": {
            "value": 1.0,
            "min": 1.0,
            "max": 1.0,
            "count": 70
        },
        "SoccerTwos.IsTraining.sum": {
            "value": 1.0,
            "min": 1.0,
            "max": 1.0,
            "count": 70
        },
        "SoccerTwos.Losses.PolicyLoss.mean": {
            "value": 0.018379989448779572,
            "min": 0.012315998478637387,
            "max": 0.021190930080289643,
            "count": 32
        },
        "SoccerTwos.Losses.PolicyLoss.sum": {
            "value": 0.018379989448779572,
            "min": 0.012315998478637387,
            "max": 0.021190930080289643,
            "count": 32
        },
        "SoccerTwos.Losses.ValueLoss.mean": {
            "value": 0.002668829894779871,
            "min": 0.00038168988297305383,
            "max": 0.004897987594207128,
            "count": 32
        },
        "SoccerTwos.Losses.ValueLoss.sum": {
            "value": 0.002668829894779871,
            "min": 0.00038168988297305383,
            "max": 0.004897987594207128,
            "count": 32
        },
        "SoccerTwos.Losses.BaselineLoss.mean": {
            "value": 0.0026740710677889486,
            "min": 0.0003828553322819062,
            "max": 0.004865427385084331,
            "count": 32
        },
        "SoccerTwos.Losses.BaselineLoss.sum": {
            "value": 0.0026740710677889486,
            "min": 0.0003828553322819062,
            "max": 0.004865427385084331,
            "count": 32
        },
        "SoccerTwos.Policy.LearningRate.mean": {
            "value": 0.0003,
            "min": 0.0003,
            "max": 0.0003,
            "count": 32
        },
        "SoccerTwos.Policy.LearningRate.sum": {
            "value": 0.0003,
            "min": 0.0003,
            "max": 0.0003,
            "count": 32
        },
        "SoccerTwos.Policy.Epsilon.mean": {
            "value": 0.20000000000000007,
            "min": 0.20000000000000007,
            "max": 0.20000000000000007,
            "count": 32
        },
        "SoccerTwos.Policy.Epsilon.sum": {
            "value": 0.20000000000000007,
            "min": 0.20000000000000007,
            "max": 0.20000000000000007,
            "count": 32
        },
        "SoccerTwos.Policy.Beta.mean": {
            "value": 0.005000000000000001,
            "min": 0.005000000000000001,
            "max": 0.005000000000000001,
            "count": 32
        },
        "SoccerTwos.Policy.Beta.sum": {
            "value": 0.005000000000000001,
            "min": 0.005000000000000001,
            "max": 0.005000000000000001,
            "count": 32
        }
    },
    "metadata": {
        "timer_format_version": "0.1.0",
        "start_time_seconds": "1733147711",
        "python_version": "3.9.20 (main, Sep  6 2024, 19:03:56) \n[Clang 16.0.0 (clang-1600.0.26.3)]",
        "command_line_arguments": "/Users/florienlazaro/Desktop/AIML21/main/.venv/bin/mlagents-learn ./ml-agents/config/poca/SoccerTwos.yaml --run-id=Experiments",
        "mlagents_version": "0.30.0",
        "mlagents_envs_version": "0.30.0",
        "communication_protocol_version": "1.5.0",
        "pytorch_version": "2.5.1",
        "numpy_version": "1.21.2",
        "end_time_seconds": "1733150091"
    },
    "total": 2379.902191542,
    "count": 1,
    "self": 0.0035897509997084853,
    "children": {
        "run_training.setup": {
            "total": 0.024751832999999834,
            "count": 1,
            "self": 0.024751832999999834
        },
        "TrainerController.start_learning": {
            "total": 2379.873849958,
            "count": 1,
            "self": 0.5110465320067306,
            "children": {
                "TrainerController._reset_env": {
                    "total": 7.144319249999859,
                    "count": 4,
                    "self": 7.144319249999859
                },
                "TrainerController.advance": {
                    "total": 2372.1102753429927,
                    "count": 45799,
                    "self": 0.46123148298784145,
                    "children": {
                        "env_step": {
                            "total": 1922.7627845889938,
                            "count": 45799,
                            "self": 1839.363096971952,
                            "children": {
                                "SubprocessEnvManager._take_step": {
                                    "total": 83.06277985599759,